{
  "timestamp": "2026-04-29T23:44:49",
  "selected_model": "HistGradientBoosting_balanced",
  "test_accuracy": 0.98,
  "test_macro_f1": 0.9820270577514348,
  "test_precision_macro": 0.9856542397660819,
  "test_recall_macro": 0.9792273061282847
}